SNP,Chromosome,Position,P.value,maf,effect
AgR_03561,1,22375781,0.00513378469825389,NA,-0.0241098227755148
AgR_10757,1,274877616,0.00765093701136478,NA,0.0250708634335624
AgR_00109,1,277585472,0.00401461717429619,NA,-0.0274155987019813
AgR_10767,1,278451399,0.0086436973356531,NA,0.0246029121252975
AgR_02221,1,279682094,0.00950972498833513,NA,-0.0254154338023738
AgR_07757,1,286327351,0.00832052817106522,NA,0.0245955891554974
AgR_17306,1,286849641,0.00988983513296967,NA,0.0237565612715738
AgR_07779,2,10913,0.00488496727539735,NA,0.0274613010162041
AgR_01909,2,1268788,0.000430416644161836,NA,-0.0335251363939701
AgR_01910,2,1268910,0.00170366477881595,NA,0.0302310026376122
AgR_02454,2,1283666,0.00869810629587163,NA,0.0253658795762304
AgR_01742,2,2807822,0.00411393520203707,NA,0.026519924346222
AgR_13867,2,3379557,0.000509850023187853,NA,-0.0320473517043718
AgR_07782,2,3391541,0.000625364975342176,NA,0.0313074028409679
AgR_12064,5,648565,0.00286776189605533,NA,0.0270127729034901
AgR_00609,5,921383,0.00451439228856693,NA,0.0259597408707173
AgR_12066,5,1581066,0.000335597373277711,NA,-0.0318010151629333
AgR_02924,5,1830949,0.00344553510028924,NA,-0.0260006225542642
AgR_10158,5,2603288,0.000893774360895453,NA,-0.0295610145289218
AgR_15644,5,3145984,0.00948184753234883,NA,0.0236059086835936
AgR_01262,5,3146019,0.00438197892965146,NA,-0.0260440960743291
AgR_01251,5,3538875,0.00539398020630866,NA,0.0249591594495064
AgR_10192,5,3946412,0.0068138883819383,NA,-0.0241019169669017
AgR_08764,5,4266268,0.00290899349095858,NA,-0.0265516990471957
AgR_02889,5,5287947,0.00229711557816488,NA,0.027554588304924
AgR_12079,5,8496429,0.00926830597029847,NA,-0.0236557135231148
AgR_03246,8,144539720,0.00762111467213887,NA,0.0245564154640485
