SNP,Chromosome,Position,P.value,maf,effect
AgR_10300,1,10096183,0.00626670359531744,NA,0.0247602566412075
AgR_14057,1,10905137,0.00507253656327336,NA,0.0253086839664183
AgR_03561,1,22375781,0.00678851992170136,NA,-0.0241098227755148
AgR_10757,1,274877616,0.00990533346566955,NA,0.0250708634335624
AgR_00109,1,277585472,0.00537825269428521,NA,-0.0274155987019813
AgR_07754,1,281590394,0.00678540491065131,NA,-0.0274107484684669
AgR_07779,2,10913,0.00647653241872896,NA,0.0274613010162041
AgR_01909,2,1268788,0.00064905152955985,NA,-0.0335251363939701
AgR_01910,2,1268910,0.00238841323053552,NA,0.0302310026376122
AgR_02372,2,1437448,0.00406262110184572,NA,-0.0290972932183164
AgR_13848,2,1548075,0.00406262110184572,NA,-0.0290972932183164
AgR_01742,2,2807822,0.00550417267820088,NA,0.026519924346222
AgR_13867,2,3379557,0.00076196414419473,NA,-0.0320473517043718
AgR_07782,2,3391541,0.000924539306180533,NA,0.0313074028409679
AgR_08392,3,215849247,0.00835915493050908,NA,-0.0239698373128534
AgR_08419,3,228451330,0.00462683624825065,NA,0.0255461461012423
AgR_12064,5,648565,0.00391095585284908,NA,0.0270127729034901
AgR_00609,5,921383,0.00601029717133888,NA,0.0259597408707173
AgR_12066,5,1581066,0.000512785774357726,NA,-0.0318010151629333
AgR_02924,5,1830949,0.00465341738275082,NA,-0.0260006225542642
AgR_10158,5,2603288,0.00129658308539321,NA,-0.0295610145289218
AgR_01262,5,3146019,0.00584321841118692,NA,-0.0260440960743291
AgR_01251,5,3538875,0.00711391844224686,NA,0.0249591594495064
AgR_10192,5,3946412,0.0088759781219247,NA,-0.0241019169669017
AgR_08764,5,4266268,0.00396418593700122,NA,-0.0265516990471957
AgR_02889,5,5287947,0.00316978181611823,NA,0.027554588304924
AgR_02873,5,5379460,0.008916034219169,NA,0.0249503252160319
AgR_05309,5,5384211,0.00864992828287058,NA,0.025105927380985
AgR_03246,8,144539720,0.00986876616107883,NA,0.0245564154640485
